Hawthorne,Los Angeles,CA
San Francisco,San Francisco,CA
Cary,Raleigh,NC
Jacksonville,Jacksonville,FL
Philadelphia,Philadelphia,PA
New York,New York,NY
Waltham,Boston,MA
San Diego,San Diego,CA
Roseville,Sacramento,CA
Walpole,Boston,MA
Boston,Boston,MA
Glendale,Phoenix,AZ
Kirkland,Seattle,WA
Mountain View,San Jose,CA
Fremont,San Francisco,CA
San Jose,San Jose,CA
San Mateo,San Francisco,CA
Chicago,Chicago,IL
Irving,Dallas,TX
Santa Clara,San Jose,CA
Pittsburgh,Pittsburgh,PA
Palo Alto,San Jose,CA
Los Angeles,Los Angeles,CA
Hoboken,New York,NY
Brooklyn,Indianapolis,IN
Pflugerville,Austin,TX
Oakland,San Francisco,CA
Atlanta,Atlanta,GA
Bellevue,Seattle,WA
Irvine,Los Angeles,CA
Burlingame,San Francisco,CA
Seattle,Seattle,WA
Denver,Denver,CO
Eden Prairie,Minneapolis,MN
Inglewood,Los Angeles,CA
Sunnyvale,San Jose,CA
Redwood City,San Francisco,CA
El Segundo,Los Angeles,CA
Columbus,Columbus,OH
Carlsbad,San Diego,CA
Los Altos,San Jose,CA
San Carlos,San Francisco,CA
Miami,Miami,FL
Detroit,Detroit,MI
Bend,Bend,OR
Culver City,Los Angeles,CA
Carson City,Carson City,NV
Santa Monica,Los Angeles,CA
San Ramon,San Francisco,CA
Redmond,Seattle,WA
Englewood Cliffs,New York,NY
Alameda,San Francisco,CA
Sacramento,Sacramento,CA
Hayward,San Francisco,CA
Houston,Houston,TX
Jersey City,Jersey City,NJ
South Jordan,Salt Lake City,UT
Westerville,Columbus,OH
Lehi,Provo,UT
Fort Lee,New York,NY
Austin,Austin,TX
Chatham,New York,NY
South San Francisco,San Francisco,CA
Scottsdale,Phoenix,AZ
Dallas,Dallas,TX
Raleigh,Raleigh,NC
Louisville,Louisville,KY
Burlington,Burlington,NC
McLean,DC,DC
Madison,Milwaukee,WI
Columbia,Columbia,SC
Foster City,Iron Mountain,MI
South Burlington,Burlington,VT
Orlando,Orlando,FL
Somerville,Boston,MA
Goleta,Santa Maria,CA
Pennsauken,Philadelphia,NJ
Plantation,Miami,FL
Portola Valley,San Francisco,CA
Cambridge,Boston,MA
Bethesda,DC,DC
Boca Raton,Miami,FL
Portland,Portland,OR
Greenwood Village,Indianapolis,IN
Hanover,Hanover,MD
Northbrook,Chicago,IL
Boulder,Boulder,CO
Santa Barbara,Santa Maria,CA
Draper,Salt Lake City,UT
Cincinnati,Cincinnati,OH
Zephyr Cove,Zephyr Cove,NV
Marina del Rey,Los Angeles,CA
Nashville,Nashville,NC
DC,DC,DC
Santa Cruz,Santa Cruz,CA
Ambler,Philadelphia,PA
Pleasanton,San Francisco,CA
Framingham,Boston,MA
Encinitas,San Diego,CA
Long Beach,Los Angeles,CA
Berkeley,San Francisco,CA
Sherman Oaks,Los Angeles,CA
Boise,Boise,ID
Brookline,Manchester,NH
Washington,DC,DC
Princeton,Miami,FL
Salt Lake City,Salt Lake City,UT
Washington DC,DC,DC
Tustin,Los Angeles,CA
Islandia,New York,NY
Quincy,Boston,MA
Sarasota,North Port,FL
Fort Mill,Charlotte,SC
Charlotte,Charlotte,NC
Menlo Park,San Francisco,CA
Leawood,Kansas City,MO
Englewood,Denver,CO
Colorado Springs,Colorado Springs,CO
Wilmington,Boston,MA
Cedar Park,Austin,TX
Berkeley Heights,New York,NY
Lincoln,Lincoln,NE
Arlington,Dallas,TX
Brisbane,San Francisco,CA
Dublin,San Francisco,CA
Bellingham,Bellingham,WA
Herndon,DC,DC
Tampa,Tampa,FL
Milpitas,San Jose,CA
Venice,North Port,FL
Torrance,Los Angeles,CA
Morrisville,Raleigh,NC
